逢沢　剛樹,あいざわ　ごうき,69,広島県,9月12日
藍原　和紀,あいはら　かずき,69,千葉県,6月30日
青木　貴世,あおき　きよ,30,千葉県,1月7日
青木　美香里,あおき　みかり,22,鹿児島県,7月20日
青田　祐幸,あおた　ひろゆき,93,栃木県,7月27日
青柳　衿香,あおやぎ　えりか,68,大阪府,10月20日
青山　八雲,あおやま　やくも,49,北海道,6月23日
赤池　康行,あかいけ　やすゆき,48,千葉県,9月3日
赤尾　宣夫,あかお　のりお,87,岡山県,5月30日
赤司　一暁,あかし　かずあき,37,富山県,6月10日
赤田　亜葵,あかだ　あき,31,埼玉県,3月14日
安形　有里乃,あがた　ゆりの,81,神奈川県,9月22日
赤塚　由望,あかつか　ゆみ,39,福岡県,8月28日
赤間　珠紀,あかま　たまき,74,北海道,10月18日
秋葉　良範,あきば　よしのり,15,高知県,8月12日
秋場　玲央奈,あきば　れおな,30,愛知県,6月2日
秋山　ことえ,あきやま　ことえ,86,香川県,10月1日
吾郷　伊世,あごう　いよ,72,神奈川県,7月26日
浅香　勲,あさか　いさお,66,福井県,1月9日
麻賀　香子,あさが　きょうこ,97,大阪府,8月23日
朝来野　成希,あさくの　しげき,7,大分県,11月30日
麻倉　三省,あさくら　さんせい,48,広島県,7月12日
浅田　貞江,あさだ　さだえ,80,愛知県,10月27日
浅田　沙弓,あさだ　さゆみ,45,京都府,4月7日
浅野　健祐,あさの　けんすけ,45,愛知県,6月1日
朝日　裕未,あさひ　ゆみ,62,鹿児島県,8月23日
朝本　真郷,あさもと　まさと,38,愛知県,6月17日
安食　真知子,あじき　まちこ,39,愛知県,8月9日
芦田　剛典,あしだ　たけのり,58,高知県,9月6日
芦原　智巳,あしはら　ともみ,62,新潟県,2月4日
東　良次,あずま　よしつぐ,33,宮崎県,2月15日
畔原　美瑛,あぜはら　みえ,34,埼玉県,6月8日
足立　洋恵,あだち　ひろえ,49,石川県,2月15日
新　玄,あたらし　げん,35,大阪府,1月28日
姉川　舞耶,あねかわ　まや,37,岐阜県,5月21日
阿野　捺紀,あの　なつき,36,神奈川県,5月30日
安彦　由加奈,あひこ　ゆかな,59,東京都,12月25日
阿部　佳菜,あべ　かな,20,群馬県,2月21日
阿部　僚子,あべ　りょうこ,57,千葉県,9月23日
安部　亮典,あべ　りょうすけ,83,滋賀県,5月11日
天野　優治,あまの　ゆうじ,43,東京都,9月15日
天羽　信雄,あもう　のぶお,92,青森県,11月26日
新井　星,あらい　せい,74,神奈川県,5月10日
荒井　諒,あらい　まこと,51,愛知県,5月26日
荒川　秋人,あらかわ　あきと,52,大阪府,10月4日
荒川　安之,あらかわ　やすゆき,48,神奈川県,7月28日
荒木　茂之,あらき　しげゆき,61,秋田県,3月12日
荒木　苑花,あらき　そのか,58,熊本県,8月29日
荒幡　二三男,あらはた　ふみお,62,新潟県,7月31日
荒見　守衛,あらみ　もりえ,44,富山県,5月17日
有明　沙霧,ありあけ　さぎり,57,静岡県,8月15日
有井　千明,ありい　ちはる,75,東京都,10月29日
有坂　明香,ありさか　さやか,79,東京都,5月21日
有澤　すえみ,ありさわ　すえみ,69,愛知県,12月4日
有田　円美,ありた　まるみ,91,兵庫県,10月14日
有永　ちさ子,ありなが　ちさこ,15,東京都,11月4日
安西　佐由里,あんざい　さゆり,19,岡山県,6月29日
安藤　蒔子,あんどう　まきこ,50,神奈川県,8月12日
安藤　有貴,あんどう　ゆうき,74,兵庫県,12月11日
飯島　町子,いいじま　まちこ,88,兵庫県,6月3日
飯田　雅充,いいだ　まさみつ,59,大阪府,1月23日
飯塚　理志,いいづか　さとし,20,福井県,3月27日
飯塚　寿,いいづか　ひさし,43,沖縄県,1月30日
飯山　喜久,いいやま　きく,86,福岡県,5月31日
五十嵐　瀬里菜,いがらし　せりな,48,岩手県,8月6日
井川　昭司,いがわ　しょうじ,80,岡山県,11月20日
壹岐　育伸,いき　やすのぶ,73,埼玉県,10月25日
生田　花実,いきた　はなみ,4,東京都,4月21日
幾田　洋貴,いくた　ひろき,25,三重県,6月19日
井口　希予,いぐち　きよ,84,沖縄県,11月28日
池田　庄平,いけだ　しょうへい,29,愛媛県,6月8日
池田　智鶴,いけだ　ちづる,36,東京都,5月9日
池谷　純奈,いけや　すみな,62,千葉県,9月10日
井澤　温,いざわ　のどか,90,岩手県,7月3日
石井　明博,いしい　あきひろ,39,兵庫県,8月12日
石井　しんじ,いしい　しんじ,29,愛知県,2月10日
石井　都美,いしい　とみ,88,神奈川県,9月20日
石川　洸介,いしかわ　こうすけ,27,大阪府,1月15日
石川　由葵,いしかわ　ゆき,47,千葉県,1月20日
石島　康大,いしじま　やすひろ,8,兵庫県,8月7日
石田　歓,いしだ　かん,1,千葉県,6月12日
石田　三月,いしだ　みづき,7,東京都,4月8日
石塚　龍幸,いしづか　たつゆき,22,長崎県,8月12日
石塚　康一,いしづか　やすかず,63,愛知県,4月24日
石原　賢治,いしはら　けんじ,72,神奈川県,9月22日
石原　眞樹子,いしはら　まきこ,39,大阪府,2月18日
石村　俊充,いしむら　としみつ,62,長野県,3月9日
石山　三佳,いしやま　みか,9,兵庫県,8月16日
石山　慶江,いしやま　よしえ,39,愛知県,11月29日
泉　義方,いずみ　よしかた,49,愛知県,12月7日
礒崎　衣梨,いそざき　えり,63,大阪府,1月17日
伊丹　華江,いたみ　はなえ,89,埼玉県,4月19日
市川　惠一郎,いちかわ　けいいちろう,21,福井県,9月13日
一條　萌木,いちじょう　もえぎ,41,福岡県,12月29日
一色　金,いっしき　きん,89,岡山県,2月3日
出井　彩弥加,いでい　さやか,40,福岡県,11月23日
糸井　千恵子,いとい　ちえこ,71,宮崎県,9月26日
伊藤　聡明,いとう　さとあき,36,大阪府,12月10日
伊藤　輝夫,いとう　てるお,74,北海道,11月29日
伊藤　満梨奈,いとう　まりな,30,奈良県,1月17日
糸数　龍明,いとかず　たつあき,47,大阪府,12月16日
糸数　博崇,いとかず　ひろたか,31,神奈川県,2月8日
稲葉　英明,いなば　えいめい,65,長崎県,5月11日
稲葉　由華子,いなば　ゆかこ,78,神奈川県,9月1日
井上　泰一郎,いのうえ　たいいちろう,63,東京都,2月22日
井上　展宏,いのうえ　のぶひろ,33,東京都,12月2日
井上　良一,いのうえ　りょういち,75,大阪府,3月27日
猪熊　愛実,いのくま　あいみ,35,福岡県,9月17日
伊波　安生,いは　やすお,35,佐賀県,6月7日
猪原　弘忠,いはら　ひろただ,66,栃木県,9月10日
指宿　成浩,いぶすき　なるひろ,42,兵庫県,8月28日
今井　実,いまい　まこと,25,岡山県,9月21日
今井　義尚,いまい　よしなお,65,東京都,11月17日
今泉　玲美,いまいずみ　れみ,4,福岡県,10月19日
今枝　慶則,いまえだ　よしのり,12,東京都,1月5日
今川　寛敏,いまがわ　ひろとし,40,北海道,10月28日
今関　吉生,いまぜき　よしお,51,静岡県,10月31日
入江　葵衣,いりえ　あおい,43,石川県,10月18日
入江　佳希,いりえ　よしき,28,熊本県,4月22日
岩井　かつ子,いわい　かつこ,75,福島県,3月3日
岩崎　陽斗,いわさき　はると,0,京都府,9月22日
岩下　宣恵,いわした　のぶえ,51,東京都,6月30日
岩瀬　輝男,いわせ　てるお,81,愛知県,10月1日
岩田　智光,いわた　ともみつ,28,熊本県,1月11日
岩田　穂積,いわた　ほづみ,16,福岡県,11月16日
岩永　沙耶加,いわなが　さやか,6,大阪府,1月15日
岩渕　龍一,いわぶち　りゅういち,19,沖縄県,6月28日
岩本　初穂,いわもと　はつほ,77,東京都,6月9日
岩本　雅男,いわもと　まさお,63,埼玉県,1月22日
植木　琴枝,うえき　ことえ,75,和歌山県,5月12日
植木　啓隆,うえき　ひろたか,47,奈良県,7月10日
上田　秋水,うえだ　しゅうすい,51,大阪府,5月7日
植田　緋奈,うえだ　ひな,0,岡山県,3月29日
上田　螢,うえだ　ほたる,78,福岡県,9月11日
上野　千里,うえの　ちさと,40,埼玉県,12月4日
上野　宣行,うえの　のぶゆき,77,東京都,1月13日
植村　康一朗,うえむら　こういちろう,69,高知県,7月18日
宇川　伊万里,うがわ　いまり,50,大阪府,11月22日
潮　瑠奈,うしお　るな,4,愛媛県,6月28日
氏野　慧里子,うじの　えりこ,70,福岡県,10月27日
宇治本　木実,うじもと　このみ,78,埼玉県,11月15日
牛山　徳隆,うしやま　のりたか,88,新潟県,6月3日
碓井　りりこ,うすい　りりこ,97,神奈川県,1月4日
内田　民男,うちだ　たみお,64,北海道,10月15日
内田　李沙,うちだ　りさ,52,福島県,3月8日
内田　和歌,うちだ　わか,70,栃木県,11月18日
内山　勝樹,うちやま　まさき,55,宮城県,11月5日
有働　伶奈,うどう　れな,40,埼玉県,1月22日
梅澤　ゆきの,うめざわ　ゆきの,62,東京都,6月29日
梅田　ゆり奈,うめだ　ゆりな,63,広島県,11月6日
梅谷　万由,うめたに　まゆ,57,東京都,7月28日
梅津　久明,うめつ　ひさあき,78,東京都,12月19日
漆原　愛,うるしばら　あき,52,埼玉県,3月22日
衞藤　嘉一,えとう　よしかず,83,埼玉県,1月7日
榎本　乃莉子,えのもと　のりこ,28,東京都,10月13日
江端　秀明,えばた　ひであき,48,東京都,9月11日
遠藤　剛司,えんどう　こうじ,42,神奈川県,12月1日
遠藤　紗喜,えんどう　さき,29,茨城県,10月6日
大泉　将克,おおいずみ　まさかつ,66,京都府,6月12日
大浦　麻紗美,おおうら　まさみ,61,大阪府,9月16日
大江　佑芽,おおえ　ゆめ,12,神奈川県,1月25日
大川　実幸,おおかわ　みゆき,43,茨城県,6月16日
大木　克史,おおき　かつふみ,10,大阪府,11月18日
大木　苑美,おおき　そのみ,25,東京都,7月17日
大久保　ヒロキ,おおくぼ　ひろき,64,福岡県,8月15日
大沢　昭治,おおさわ　しょうじ,42,徳島県,3月28日
太田　英莉,おおた　えり,70,福島県,5月7日
大田　健治郎,おおた　けんじろう,3,神奈川県,3月20日
大滝　ゆきな,おおたき　ゆきな,25,山口県,5月11日
大塚　朝佳,おおつか　あさか,76,東京都,7月17日
大塚　大己,おおつか　だいき,69,新潟県,11月20日
大槻　高美,おおつき　たかみ,59,北海道,9月3日
大月　弘,おおつき　ひろ,19,千葉県,11月15日
大月　優果,おおつき　ゆか,56,静岡県,1月2日
大西　彩子,おおにし　あやこ,77,長野県,3月10日
大西　菊枝,おおにし　きくえ,88,北海道,7月23日
大野　亜津沙,おおの　あずさ,30,東京都,2月27日
大野　友宏,おおの　ともひろ,36,宮城県,11月22日
大野　未江,おおの　みえ,83,山梨県,11月17日
大橋　花奈,おおはし　かな,17,長野県,8月1日
大橋　友里愛,おおはし　ゆりあ,41,沖縄県,3月7日
大原　良実,おおはら　よしみ,57,千葉県,9月6日
大平　さやの,おおひら　さやの,96,埼玉県,5月10日
大村　真二,おおむら　しんじ,35,愛知県,3月6日
大森　信幸,おおもり　のぶゆき,51,福島県,9月3日
大八木　全弘,おおやぎ　まさひろ,85,長野県,10月7日
大山　千早,おおやま　ちはや,75,宮城県,6月16日
岡　チエ,おか　ちえ,79,千葉県,6月23日
岡崎　宣明,おかざき　のぶあき,82,北海道,3月24日
岡崎　久生,おかざき　ひさお,50,三重県,4月2日
小笠原　英己,おがさわら　ひでき,33,埼玉県,4月19日
岡田　幸佳,おかだ　さちか,1,徳島県,10月21日
岡田　麻理恵,おかだ　まりえ,64,兵庫県,5月1日
岡野　みあき,おかの　みあき,39,宮城県,4月13日
岡部　佐知江,おかべ　さちえ,75,埼玉県,7月21日
岡部　千花,おかべ　ちか,66,鹿児島県,10月7日
岡村　晶,おかむら　しょう,23,愛知県,12月6日
岡村　佳晴,おかむら　よしはる,22,兵庫県,8月11日
岡本　康祐,おかもと　こうすけ,37,長野県,1月8日
小川　陽子,おがわ　あきこ,52,兵庫県,4月18日
小川　佑理,おがわ　ゆうり,33,島根県,11月20日
沖山　岳,おきやま　たかし,19,東京都,6月10日
奥寺　達矢,おくでら　たつや,11,愛知県,3月23日
小倉　直洋,おぐら　なおひろ,65,山口県,11月23日
小黒　さき,おぐろ　さき,66,香川県,8月25日
越後貫　輝幸,おごぬき　てるゆき,64,神奈川県,8月30日
長田　清信,おさだ　きよのぶ,40,大阪府,7月13日
小澤　超,おざわ　ちょう,35,東京都,12月28日
小澤　奈美紀,おざわ　なみき,54,青森県,7月9日
小田　イツ子,おだ　いつこ,87,宮崎県,2月28日
織田　麻文,おだ　まや,41,東京都,8月15日
越智　陶子,おち　とうこ,53,静岡県,9月27日
音泉　結香子,おといずみ　ゆかこ,19,新潟県,3月14日
音無　銀次郎,おとなし　ぎんじろう,80,岡山県,4月29日
小貫　勇翔,おぬき　ゆうと,21,大阪府,2月9日
小沼　公代,おぬま　きみよ,65,長野県,9月23日
小野　沙苗,おの　さなえ,3,徳島県,9月17日
小野　ひさこ,おの　ひさこ,3,北海道,2月7日
小野崎　達彦,おのざき　たつひこ,72,静岡県,3月15日
小幡　美雄,おばた　よしお,49,千葉県,12月23日
小原　純奈,おばら　じゅんな,40,愛知県,8月26日
小見　一仁,おみ　かずひと,8,京都府,4月20日
小山　貞男,おやま　さだお,39,熊本県,4月14日
折原　七海,おりはら　ななみ,72,大阪府,1月31日
恩賀　真波,おんが　まなみ,59,福岡県,8月21日
恩田　計,おんだ　けい,8,東京都,2月7日
垣内　澄夏,かいと　すみか,17,神奈川県,5月23日
海原　信輔,かいはら　しんすけ,45,東京都,12月7日
海保　秀吾,かいほ　しゅうご,22,千葉県,7月20日
海保　実咲,かいほ　みさ,20,大分県,8月8日
賀内　更,かうち　さら,28,茨城県,5月2日
香川　たみえ,かがわ　たみえ,80,神奈川県,3月31日
柿沼　裕大,かきぬま　ゆうだい,22,愛知県,8月31日
柿木　由梨絵,かきのき　ゆりえ,49,愛知県,1月6日
柿原　恒弘,かきはら　つねひろ,57,宮城県,2月14日
影山　紀久美,かげやま　きくみ,55,熊本県,2月13日
河西　かえで,かさい　かえで,62,愛知県,9月16日
葛西　ちふゆ,かさい　ちふゆ,61,奈良県,12月2日
笠島　由衣奈,かさじま　ゆいな,68,東京都,12月29日
笠原　茜里,かさはら　あかり,77,福井県,8月15日
笠原　結女,かさはら　ゆめ,15,東京都,1月12日
風間　蒼生,かざま　あおい,42,兵庫県,5月7日
梶浦　しづ子,かじうら　しづこ,71,埼玉県,12月14日
樫原　康,かしはら　やすし,42,京都府,10月21日
鹿島　晃次,かしま　こうじ,4,千葉県,3月22日
梶原　一富,かじわら　かずとみ,68,石川県,3月23日
梶原　玲那,かじわら　れいな,4,埼玉県,12月13日
春日　みず季,かすが　みずき,75,岐阜県,11月29日
粕谷　尚樹,かすや　なおき,72,兵庫県,3月15日
加瀬　将雄,かせ　まさお,30,山梨県,3月6日
片岡　以津子,かたおか　いつこ,54,岐阜県,7月25日
片岡　久治,かたおか　ひさはる,57,茨城県,6月14日
片山　華織,かたやま　かおり,48,高知県,7月2日
勝浦　渉,かつうら　しょう,76,鹿児島県,11月13日
勝田　倫子,かつた　みちこ,17,静岡県,5月8日
嘉手納　温美,かでな　あつみ,71,沖縄県,11月19日
加藤　亜佳里,かとう　あかり,6,静岡県,11月4日
加藤　敬一郎,かとう　けいいちろう,52,北海道,11月15日
加藤　基久,かとう　もとひさ,60,東京都,7月7日
金澤　年美,かなざわ　としみ,72,東京都,3月6日
金澤　奈央美,かなざわ　なおみ,93,東京都,5月25日
金光　正,かなみつ　ただし,76,千葉県,9月7日
金森　昌江,かなもり　まさえ,51,東京都,9月5日
兼島　海帆,かねしま　みほ,8,愛知県,11月11日
金田　能久,かねだ　よしひさ,58,秋田県,5月6日
金武　茉菜美,かねたけ　まなみ,52,兵庫県,10月17日
加納　茉佑,かのう　まゆ,58,京都府,9月22日
鎌田　朝子,かまた　ともこ,32,千葉県,3月29日
鎌田　雄太朗,かまだ　ゆうたろう,54,徳島県,11月17日
神里　幸志,かみざと　こうじ,49,東京都,1月18日
神谷　郁也,かみたに　ふみや,56,島根県,2月25日
上林　真,かみばやし　まこと,59,島根県,8月7日
上室　紳司,かみむろ　しんじ,61,新潟県,3月16日
亀井　志津代,かめい　しづよ,93,石川県,8月19日
萱沼　美彩紀,かやぬま　みさき,27,東京都,8月16日
萱原　会里,かやはら　えり,76,兵庫県,10月21日
烏谷　美幸,からすだに　みゆき,59,東京都,5月23日
川合　健夫,かわい　たけお,26,愛知県,12月2日
河合　知夏,かわい　ちか,25,香川県,11月9日
河合　ゆき絵,かわい　ゆきえ,71,埼玉県,7月25日
川上　峻,かわかみ　しゅん,6,熊本県,6月1日
川口　花菜美,かわぐち　かなみ,37,山口県,11月24日
河崎　和登,かわさき　かずと,41,福岡県,2月25日
川崎　淳子,かわさき　じゅんこ,0,兵庫県,1月26日
川崎　基起,かわさき　もとき,79,福岡県,8月27日
河瀨　良晴,かわせ　よしはる,63,京都府,3月9日
川名　元気,かわな　もとき,18,富山県,5月29日
川浪　希望,かわなみ　のぞむ,74,広島県,3月23日
川野　良美,かわの　よしみ,84,香川県,3月25日
川端　愛里紗,かわばた　ありさ,36,大阪府,2月9日
川松　未穂,かわまつ　みほ,82,岐阜県,6月21日
神田　ゆっこ,かんだ　ゆっこ,13,岡山県,10月28日
菊田　時江,きくた　ときえ,71,岩手県,5月17日
菊地　あす美,きくち　あすみ,16,栃木県,6月10日
菊池　久美絵,きくち　くみえ,67,埼玉県,1月28日
菊地　年史,きくち　としふみ,89,青森県,8月19日
岸　俊悟,きし　しゅんご,93,熊本県,10月18日
岸原　泰奈,きしはら　やすな,51,滋賀県,10月16日
喜瀬　慧美,きせ　さとみ,31,茨城県,12月4日
北川　真桜,きたがわ　まお,74,北海道,2月12日
北沢　龍也,きたざわ　たつや,15,滋賀県,7月5日
北詰　文哉,きたづめ　ふみや,35,大阪府,11月28日
北出　恵美子,きたで　えみこ,73,兵庫県,11月7日
北林　沙都,きたばやし　さと,41,富山県,2月6日
北原　綾可,きたはら　あやか,55,静岡県,6月10日
北見　みね子,きたみ　みねこ,59,大阪府,5月22日
北村　さよみ,きたむら　さよみ,41,京都府,8月8日
北村　昌登,きたむら　まさと,81,和歌山県,6月23日
吉川　千珠,きっかわ　ちず,53,佐賀県,4月18日
木下　考博,きのした　たかひろ,48,新潟県,12月13日
木下　瑞月,きのした　みずき,26,大阪府,3月16日
木原　逸美,きはら　いつみ,71,大阪府,4月19日
金　麻沙子,きむ　あさこ,27,京都府,1月10日
木村　幸,きむら　こう,30,東京都,5月19日
木村　舞依子,きむら　まいこ,50,愛媛県,9月3日
木本　秀介,きもと　しゅうすけ,45,埼玉県,3月18日
木本　彰悟,きもと　しょうご,78,神奈川県,1月7日
桐原　扶美江,きりはら　ふみえ,68,大阪府,8月1日
銀河　匡樹,ぎんが　まさき,58,神奈川県,6月7日
金城　祐見子,きんじょう　ゆみこ,77,茨城県,4月19日
久我　萌奈美,くが　もなみ,38,京都府,9月17日
久貝　雅之,くがい　まさし,58,東京都,11月26日
草薙　友輔,くさなぎ　ゆうすけ,20,長野県,11月6日
楠木　秀,くすのき　ひで,48,東京都,10月10日
楠瀬　一弥,くすのせ　かずや,71,東京都,2月25日
口田　遥子,くちた　はるこ,61,埼玉県,2月9日
久手堅　善晴,くでけん　よしはる,67,山口県,8月15日
國井　優士,くにい　ゆうじ,15,宮崎県,5月31日
国島　枝理,くにしま　えり,15,兵庫県,12月10日
久野　利奈,くの　りな,8,茨城県,8月3日
久保　蒼,くぼ　あおい,1,兵庫県,10月26日
久保　完二,くぼ　かんじ,9,東京都,8月8日
久保田　典生,くぼた　のりお,79,東京都,12月27日
久保田　律,くぼた　りつ,2,和歌山県,1月23日
熊谷　裕乃,くまがい　ひろの,21,神奈川県,11月12日
熊谷　牧人,くまがい　まきと,70,鹿児島県,9月2日
倉岡　まみ子,くらおか　まみこ,82,岩手県,8月28日
倉沢　悠,くらさわ　ゆう,1,京都府,5月29日
倉田　尚志,くらた　なおゆき,52,北海道,7月14日
倉持　沙津希,くらもち　さつき,11,静岡県,4月24日
栗栖　良至,くりす　りょうじ,18,兵庫県,10月6日
栗田　和男,くりた　かずお,70,東京都,9月26日
栗原　美友季,くりはら　みゆき,60,鳥取県,1月1日
黒木　沙予,くろき　さよ,51,兵庫県,2月11日
黒木　大成,くろき　だいせい,21,栃木県,7月17日
黒坂　祐三子,くろさか　ゆみこ,48,東京都,7月7日
黒沢　奈見,くろさわ　なみ,28,愛媛県,6月25日
黒田　俊信,くろだ　としのぶ,66,山形県,8月10日
黒田　史久,くろだ　ふみひさ,44,神奈川県,3月9日
桑原　奈奈恵,くわはら　ななえ,79,山口県,1月5日
芥子　江里菜,けし　えりな,55,広島県,8月17日
呉　賢児,ご　けんじ,6,大阪府,2月8日
小泉　未友紀,こいずみ　みゆき,41,東京都,8月24日
小出　由希江,こいで　ゆきえ,23,神奈川県,7月28日
高　彩湖,こう　あやこ,39,福岡県,5月24日
向坂　昌之,こうさか　まさゆき,50,愛知県,5月1日
香田　善枝,こうだ　よしえ,63,山梨県,5月2日
幸田　理子,こうだ　りこ,18,埼玉県,12月11日
古賀　和憲,こが　かずのり,87,愛知県,8月31日
小久井　沙弥花,こくい　さやか,40,兵庫県,5月12日
國分　克哉,こくぶ　かつや,36,東京都,11月10日
小迫　由孝,こさこ　よしたか,31,東京都,5月10日
越田　彩,こした　さや,20,神奈川県,9月24日
腰高　一実,こしだか　かずみ,79,石川県,3月13日
輿水　英樹,こしみず　ひでき,57,埼玉県,12月19日
小玉　広高,こだま　ひろたか,51,栃木県,10月4日
児玉　弥久,こだま　みく,21,神奈川県,8月12日
児玉　碧子,こだま　みどりこ,91,三重県,3月12日
後藤　駿作,ごとう　しゅんさく,83,東京都,1月10日
後藤　夕華,ごとう　ゆうか,31,山口県,10月14日
小西　卓志,こにし　たかし,34,大阪府,9月16日
小西　善晴,こにし　よしはる,50,広島県,12月22日
小西　莉佐,こにし　りさ,29,埼玉県,7月15日
古場　里,こば　さと,19,長崎県,9月8日
木幡　克俊,こはた　かつとし,42,広島県,3月8日
小早川　知恵里,こばやかわ　ちえり,14,香川県,5月22日
小林　佳須美,こばやし　かすみ,93,神奈川県,4月22日
小林　大信,こばやし　ひろのぶ,49,神奈川県,4月13日
小林　有季子,こばやし　ゆきこ,80,山形県,2月21日
小曳　有美,こびき　ゆうみ,51,千葉県,11月15日
駒木　章乃,こまき　あやの,62,東京都,11月1日
小松　有紗美,こまつ　あさみ,55,東京都,9月25日
小松　雅由,こまつ　まさよし,47,山梨県,4月17日
小松田　シノブ,こまつだ　しのぶ,49,茨城県,7月4日
小森　妃美子,こもり　ひみこ,41,埼玉県,8月15日
小森　福太郎,こもり　ふくたろう,29,東京都,12月11日
小柳　勝之,こやなぎ　かつゆき,12,東京都,12月6日
権田　靖奈,ごんだ　やすな,19,北海道,11月20日
近藤　一生,こんどう　かずき,71,千葉県,8月22日
近藤　民枝,こんどう　たみえ,73,広島県,6月10日
今野　理紗子,こんの　りさこ,62,静岡県,10月11日
斎木　英之,さいき　ひでゆき,37,三重県,4月13日
西郷　綾那,さいごう　あやな,65,北海道,10月22日
斉藤　秀次,さいとう　ひでつぐ,62,埼玉県,9月14日
斎藤　有希枝,さいとう　ゆきえ,76,兵庫県,6月4日
阪　善,さか　ぜん,68,岐阜県,11月21日
酒井　定雄,さかい　さだお,61,福岡県,3月1日
坂井　宣仁,さかい　のぶひと,56,神奈川県,3月29日
酒井　由季恵,さかい　ゆきえ,33,福島県,9月25日
坂上　莉菜,さかうえ　りな,50,千葉県,1月30日
榊原　匡男,さかきばら　まさお,60,大阪府,8月10日
坂口　紗也華,さかぐち　さやか,5,東京都,5月29日
酒澤　明,さかざわ　あかり,73,千葉県,6月30日
坂下　壮一郎,さかした　そういちろう,45,茨城県,9月2日
坂元　友也,さかもと　ともや,40,北海道,9月17日
坂本　浩希,さかもと　ひろき,9,愛媛県,1月7日
坂本　有香里,さかもと　ゆかり,53,愛媛県,5月19日
佐川　真三子,さがわ　まみこ,47,和歌山県,3月27日
佐久間　亜梨,さくま　あり,23,青森県,6月16日
佐久間　庄之助,さくま　しょうのすけ,16,岡山県,7月2日
佐倉　聡子,さくら　そうこ,50,千葉県,6月18日
桜井　高志,さくらい　たかし,60,栃木県,3月23日
櫻井　信晴,さくらい　のぶはる,39,岐阜県,5月2日
櫻井　征夫,さくらい　ゆきお,42,東京都,5月26日
笹川　由美佳,ささがわ　ゆみか,58,千葉県,3月6日
佐々木　雅徳,ささき　まさのり,52,鹿児島県,5月25日
佐々木　悠希子,ささき　ゆきこ,35,神奈川県,10月11日
佐治　勝幸,さじ　かつゆき,37,大阪府,4月26日
佐志田　伊都子,さしだ　いとこ,37,愛知県,1月22日
佐武　佳昭,さたけ　よしあき,32,滋賀県,11月24日
佐谷　憲和,さたに　のりかず,43,大阪府,7月3日
幸本　真浩,さちもと　まさひろ,71,静岡県,11月23日
佐藤　明仁,さとう　あきひと,30,東京都,12月5日
佐藤　果帆,さとう　かほ,28,新潟県,2月11日
佐藤　吏,さとう　つかさ,31,奈良県,3月3日
佐藤　佑里奈,さとう　ゆりな,47,山梨県,7月24日
佐藤　蓮,さとう　れん,14,群馬県,10月14日
眞田　有嘉,さなだ　ゆか,69,北海道,7月21日
真田　佑三子,さなだ　ゆみこ,47,長崎県,8月5日
佐野　遥菜,さの　はるな,2,新潟県,7月10日
佐野　真沙子,さの　まさこ,27,大阪府,7月13日
佐山　佑美,さやま　ゆうみ,40,千葉県,11月4日
澤田石　美仁,さわだいし　よしひと,67,山形県,8月7日
澤本　修嗣,さわもと　しゅうじ,23,石川県,2月8日
澤山　真紀代,さわやま　まきよ,75,東京都,3月1日
山藤　亜依美,さんとう　あいみ,3,福岡県,11月5日
椎名　純,しいな　すみ,52,静岡県,5月28日
塩野　悠希子,しおの　ゆきこ,64,東京都,10月13日
鎮目　将希,しずめ　まさき,5,宮城県,11月9日
設楽　依代,しだら　いよ,82,愛知県,4月8日
東雲　夢奈,しののめ　ゆな,29,静岡県,10月7日
篠原　舞夢,しのはら　まいむ,80,山形県,12月6日
柴田　健太郎,しばた　けんたろう,58,東京都,11月11日
柴田　三世子,しばた　みよこ,46,福岡県,9月8日
柴田　裕之,しばた　ゆうじ,50,福岡県,11月23日
芝村　一元,しばむら　かずもと,15,福島県,4月30日
澁谷　きよし,しぶや　きよし,22,北海道,11月22日
澁谷　圭亮,しぶや　けいすけ,22,大阪府,10月30日
渋谷　増雄,しぶや　ますお,45,長野県,7月6日
島　由加梨,しま　ゆかり,23,東京都,7月3日
嶋崎　佳穂里,しまざき　かほり,71,静岡県,1月30日
嶋田　大知,しまだ　だいち,40,福岡県,6月2日
島田　みぎわ,しまだ　みぎわ,9,秋田県,12月11日
島貫　未紗季,しまぬき　みさき,10,新潟県,3月11日
島袋　芳彰,しまぶくろ　よしあき,41,福島県,11月27日
島谷　信慈,しまや　しんじ,73,東京都,6月27日
清水　彩見,しみず　あやみ,65,愛媛県,4月5日
清水　大門,しみず　だいもん,67,宮城県,4月24日
下川原　福子,しもがわら　ふくこ,66,大分県,10月13日
下里　久晃,しもざと　ひさあき,72,群馬県,7月18日
霜島　麻里花,しもじま　まりか,54,東京都,8月21日
下條　文映,しもじょう　　ふみえ,59,愛知県,3月25日
下田　忠篤,しもだ　ただあつ,63,鹿児島県,4月5日
下田　美鈴,しもだ　みすず,28,愛知県,2月16日
下斗米　莉佳,しもとまい　りか,34,三重県,11月7日
下西　美沙子,しもにし　みさこ,49,北海道,2月12日
習田　克史,しゅうだ　かつし,48,愛知県,6月1日
東海林　佐由美,しょうじ　さゆみ,68,富山県,3月20日
庄司　喜夫,しょうじ　よしお,74,鳥取県,10月26日
庄村　櫻子,しょうむら　さくらこ,41,東京都,1月4日
白井　一女,しらい　かずめ,52,宮城県,11月16日
白石　伶菜,しらいし　れな,18,福岡県,12月12日
白神　きくこ,しらが　きくこ,47,東京都,6月23日
白倉　淳,しらくら　あつし,45,広島県,2月22日
白倉　漣,しらくら　れん,0,福岡県,8月8日
城本　英明,しろもと　ひであき,52,愛媛県,5月12日
新川　陽向,しんかわ　ひなた,1,北海道,2月24日
新里　愛結美,しんざと　あゆみ,39,奈良県,3月17日
新庄　英孝,しんじょう　ひでたか,47,島根県,6月28日
新藤　一功,しんどう　かずのり,39,埼玉県,6月16日
新村　大,しんむら　ひろし,39,三重県,10月12日
新家　琴枝,しんや　ことえ,71,静岡県,12月31日
末木　ふく子,すえき　ふくこ,67,東京都,7月16日
末崎　弘武,すえざき　ひろむ,46,埼玉県,11月22日
菅沼　美知枝,すがぬま　みちえ,98,兵庫県,6月3日
杉岡　瑠璃,すぎおか　るり,9,茨城県,2月25日
杉田　玄,すぎた　げん,45,長崎県,7月23日
杉野　愛弓,すぎの　まなみ,38,熊本県,8月16日
杉本　愛珠,すぎもと　まなみ,35,大阪府,3月21日
杉山　恭太郎,すぎやま　きょうたろう,19,長崎県,8月18日
須甲　俊一朗,すこう　しゅんいちろう,74,兵庫県,6月27日
鈴木　彬代,すずき　あきよ,60,大阪府,2月9日
鈴木　和紗,すずき　かずさ,67,神奈川県,7月17日
鈴木　洋士,すずき　ようじ,17,千葉県,7月19日
鈴木　里衣子,すずき　りえこ,57,山口県,3月7日
鈴木　琳太郎,すずき　りんたろう,31,広島県,8月16日
鈴村　ひさ,すずむら　ひさ,76,福島県,1月2日
鈴森　竹生,すずもり　たけお,44,神奈川県,7月2日
砂川　秀太,すなかわ　しゅうた,18,千葉県,5月6日
鷲見　衣里香,すみ　えりか,32,大阪府,10月25日
角野　かお,すみの　かお,78,千葉県,8月27日
関田　優姫,せきた　ゆき,56,神奈川県,2月29日
関谷　紀江,せきや　としえ,53,埼玉県,2月25日
瀬島　優奈,せじま　ゆうな,81,富山県,5月13日
瀬戸内　久美枝,せとうち　くみえ,85,秋田県,4月28日
瀬戸口　慎史,せとぐち　しんじ,51,広島県,9月7日
仙台　遵子,せんだい　じゅんこ,13,福岡県,5月4日
早田　顕,そうだ　あきら,27,福岡県,8月1日
添田　嘉昭,そえだ　よしあき,33,京都府,4月1日
薗田　真理恵,そのだ　まりえ,21,千葉県,5月1日
空　巧,そら　さとし,48,北海道,12月21日
対田　菊子,たいだ　きくこ,29,愛知県,3月20日
高井　亨奈,たかい　ゆきな,79,東京都,8月31日
高垣　克将,たかがき　かつまさ,28,兵庫県,11月3日
高木　隆由,たかき　たかよし,34,愛知県,1月30日
高木　治仁,たかき　はるひと,84,山形県,4月28日
高木　眞里奈,たかぎ　まりな,72,鳥取県,9月2日
高木　頼之,たかぎ　よりゆき,78,埼玉県,4月2日
高桑　美柚,たかくわ　みゆ,50,栃木県,11月16日
高沢　貴美香,たかざわ　きみか,75,福井県,6月11日
高澤　晃三,たかざわ　こうぞう,56,石川県,3月10日
髙田　輝生,たかだ　てるお,43,青森県,3月8日
高田　ほの花,たかだ　ほのか,23,神奈川県,10月23日
高梨　元,たかなし　もと,67,埼玉県,7月9日
高根　正幸,たかね　まさゆき,46,高知県,5月14日
高橋　和惠,たかはし　かずえ,34,宮崎県,8月7日
高橋　稔彦,たかはし　としひこ,37,愛知県,2月28日
高橋　大貴,たかはし　ひろき,49,群馬県,6月28日
髙橋　仁子,たかはし　まさこ,45,鹿児島県,12月17日
高見　江実,たかみ　えみ,66,岐阜県,8月7日
高良　幸史,たから　こうじ,47,岩手県,5月13日
田川　夏鈴,たがわ　かりん,0,秋田県,2月13日
瀧川　瀬菜,たきかわ　せな,73,神奈川県,7月2日
滝瀬　昭義,たきせ　あきよし,78,東京都,8月18日
田口　久貴,たぐち　ひさたか,23,鹿児島県,10月1日
田口　英世,たぐち　ひでよ,84,群馬県,10月20日
田久保　亮志,たくぼ　りょうじ,46,宮城県,5月19日
武田　佑記,たけだ　ゆうき,66,滋賀県,8月28日
竹中　沙夕里,たけなか　さゆり,75,東京都,1月13日
竹野　隆吉,たけの　りゅうきち,79,佐賀県,4月15日
竹之内　保広,たけのうち　やすひろ,33,静岡県,8月12日
武山　花枝,たけやま　はなえ,70,三重県,3月26日
田坂　奏穂,たさか　かなほ,44,広島県,3月27日
田坂　雄志,たさか　たけし,27,埼玉県,3月25日
田崎　凛,たさき　りん,0,大阪府,3月30日
田嶋　巨樹,たじま　なおき,55,茨城県,1月29日
田代　克也,たしろ　かつや,29,滋賀県,7月23日
多田　和歌奈,ただ　わかな,46,神奈川県,6月29日
立川　千暁,たちかわ　ちあき,17,東京都,10月18日
龍田　継太,たつだ　けいた,36,山形県,1月10日
巽　智江,たつみ　ともえ,78,大阪府,6月13日
田中　研志,たなか　けんじ,69,愛知県,1月5日
田中　健治郎,たなか　けんじろう,14,和歌山県,2月3日
田中　扶美枝,たなか　ふみえ,64,大阪府,2月4日
田中　真愛,たなか　まな,30,広島県,2月12日
田辺　さゆか,たなべ　さゆか,2,東京都,10月7日
田辺　輝政,たなべ　てるまさ,49,新潟県,7月8日
田邉　泰博,たなべ　やすひろ,61,兵庫県,9月29日
谷川　司,たにかわ　おさむ,73,大阪府,8月26日
田場　侑那,たば　ゆきな,58,茨城県,7月27日
田原　ケンイチ,たはら　けんいち,39,富山県,7月20日
田原　悠,たはら　はるか,6,神奈川県,7月21日
田渕　チエ子,たぶち　ちえこ,82,宮城県,6月2日
玉川　きよみ,たまがわ　きよみ,40,神奈川県,12月8日
玉城　豊成,たまき　とよなり,30,熊本県,12月25日
玉木　如,たまき　ゆき,51,茨城県,12月1日
田村　香保里,たむら　かおり,41,福岡県,9月18日
田村　慎史,たむら　しんじ,32,東京都,4月4日
俵　真道,たわら　まさみち,70,大阪府,8月25日
知久　隆広,ちく　たかひろ,52,京都府,3月18日
千種　貴子,ちぐさ　あつこ,70,岐阜県,10月13日
樗木　詩絵,ちしゃき　しえ,52,長野県,10月15日
茅野　広美,ちの　ひろみ,25,群馬県,9月27日
千葉　宏規,ちば　ひろのり,20,滋賀県,6月19日
長子　義忠,ちょうし　よしただ,84,神奈川県,10月7日
知立　ほなみ,ちりゅう　ほなみ,65,大阪府,4月12日
塚田　純二,つかだ　じゅんじ,80,広島県,5月21日
塚田　雅利,つかだ　まさとし,57,青森県,8月5日
塚田　美尋,つかだ　みひろ,29,沖縄県,12月15日
塚田　優芽,つかだ　ゆめ,14,三重県,8月24日
柘植　美百合,つげ　みゆり,73,神奈川県,8月24日
附柴　絵実,つけしば　えみ,23,茨城県,10月18日
圡田　泰恵,つちだ　やすえ,49,三重県,8月2日
土本　眞治,つちもと　しんじ,84,岩手県,2月20日
土屋　幸一郎,つちや　こういちろう,28,京都府,10月20日
土屋　なつめ,つちや　なつめ,5,埼玉県,10月20日
都築　一興,つづき　かずおき,56,埼玉県,8月24日
堤　美規子,つつみ　みきこ,60,新潟県,4月17日
津村　俊典,つむら　としのり,43,東京都,3月11日
鶴田　大岳,つるた　だいがく,63,宮城県,9月25日
鶴山　和男,つるやま　かずお,66,長野県,10月1日
勅使河原　浩太,てしがわら　こうた,15,兵庫県,10月7日
寺岡　靜香,てらおか　しずか,25,大阪府,9月17日
寺澤　すなお,てらさわ　すなお,49,兵庫県,2月26日
寺島　尚人,てらしま　なおと,27,福岡県,2月4日
寺地　寛一,てらち　かんいち,65,宮城県,12月10日
寺本　茂裕,てらもと　しげひろ,67,静岡県,6月3日
出羽　敦志,でわ　あつし,21,神奈川県,1月8日
土井　早緒里,どい　さおり,46,栃木県,4月21日
土井　尚之,どい　なおゆき,51,東京都,12月26日
東城　憲,とうじょう　けん,83,北海道,3月19日
徳増　俊生,とくます　としお,62,香川県,10月7日
戸田　円加,とだ　まどか,41,大阪府,8月16日
土肥　裕貴子,どひ　ゆきこ,10,静岡県,1月21日
富　満彦,とみ　みつひこ,71,愛媛県,10月1日
富井　光彦,とみい　みつひこ,37,福岡県,11月17日
富田　典,とみだ　のり,88,静岡県,1月4日
富永　小由美,とみなが　さゆみ,89,東京都,4月11日
冨永　ひでみ,とみなが　ひでみ,47,千葉県,9月8日
豊浦　杏美,とようら　あずみ,82,埼玉県,11月23日
豊島　裕司,とよしま　ゆうじ,57,東京都,11月12日
鳥越　正宣,とりこし　まさのぶ,56,千葉県,4月21日
中　康徳,なか　やすのり,5,三重県,10月26日
永井　一輝,ながい　かずき,77,愛知県,1月2日
中井　瞬,なかい　しゅん,3,大阪府,3月5日
永井　謡子,ながい　ようこ,89,愛知県,4月21日
長井　良磨,ながい　りょうま,42,神奈川県,3月21日
長尾　恭夫,ながお　やすお,83,神奈川県,6月5日
中岡　由季,なかおか　ゆき,78,岡山県,3月13日
永木　彩渚,ながき　あやな,12,兵庫県,7月11日
永澤　善宏,ながさわ　よしひろ,42,群馬県,12月2日
中島　可奈枝,なかじま　かなえ,31,愛知県,8月11日
中島　朱里,なかしま　しゅり,57,福岡県,10月4日
中島　大翼,なかじま　だいすけ,19,秋田県,1月11日
長島　卓二,ながしま　たくじ,45,愛知県,4月30日
中嶋　瑞生,なかじま　みずき,60,千葉県,11月17日
中舎　麻子,なかしゃ　まこ,42,新潟県,4月25日
長瀬　雅美,ながせ　あみ,37,兵庫県,9月10日
永瀬　恭生,ながせ　きょうせい,46,沖縄県,10月26日
中田　純矢,なかだ　じゅんや,45,愛知県,4月7日
中田　颯,なかだ　そう,0,埼玉県,1月31日
中多　秀克,なかた　ひでかつ,49,福島県,7月16日
長田　文代,ながた　ふみよ,45,東京都,7月15日
長田　正統,ながた　まさのり,8,青森県,9月20日
長谷　萌香,ながたに　もえか,42,沖縄県,3月13日
中津　宏貴,なかつ　ひろたか,37,栃木県,8月14日
長門　裕己,ながと　ひろみ,14,東京都,1月22日
中西　友,なかにし　ゆう,7,奈良県,8月9日
中西　優恵,なかにし　ゆえ,84,福岡県,5月5日
中根　ジュリア,なかね　じゅりあ,5,福岡県,5月9日
中根　寿美雄,なかね　すみお,70,福島県,11月28日
永野　あつこ,ながの　あつこ,37,北海道,4月3日
中野　麻起子,なかの　まきこ,49,愛知県,9月9日
中原　諒太,なかはら　りょうた,11,徳島県,6月9日
仲間　一紀,なかま　かずのり,19,愛知県,11月16日
中村　邦博,なかむら　くにひろ,88,福島県,2月12日
中村　佐都美,なかむら　さとみ,52,大阪府,4月6日
中村　卓人,なかむら　たくと,13,兵庫県,5月29日
中村　博江,なかむら　ひろえ,68,神奈川県,11月29日
永森　善隆,ながもり　よしたか,44,宮城県,5月14日
長屋　崇憲,ながや　たかのり,34,神奈川県,1月3日
仲谷　雅洋,なかや　まさひろ,75,埼玉県,4月7日
中薮　正泰,なかやぶ　まさやす,34,千葉県,1月15日
中山　杏弥,なかやま　あや,51,茨城県,11月28日
中山　雄太朗,なかやま　ゆうたろう,57,愛知県,1月7日
仲吉　繁輝,なかよし　しげき,61,東京都,2月27日
名倉　宇宙,なぐら　そら,6,千葉県,11月2日
那須　宣恵,なす　のぶえ,82,神奈川県,12月26日
那須野　顕,なすの　あきら,9,愛知県,10月3日
夏原　祐次,なつはら　ゆうじ,61,福島県,3月6日
七星　久里,ななほし　くり,40,東京都,10月17日
並川　渉,なみかわ　わたる,66,大阪府,6月2日
南　智裕,なむ　ともひろ,39,東京都,6月18日
楢野　勇佑,ならの　ゆうすけ,16,山口県,11月12日
成田　英士,なりた　えいし,33,広島県,4月2日
成瀬　茉有,なるせ　まゆ,54,佐賀県,11月20日
南條　潤也,なんじょう　じゅんや,20,福島県,1月21日
新津　早保,にいつ　さほ,24,長野県,6月20日
新原　大幹,にいはら　だいき,63,埼玉県,4月5日
新村　花帆,にいむら　かほ,55,埼玉県,10月8日
仁尾　正喜,にお　まさよし,62,神奈川県,12月5日
西　杏,にし　あんず,29,千葉県,6月24日
西　悠輝,にし　ゆうき,24,兵庫県,11月16日
西井　梨々子,にしい　りりこ,8,広島県,4月12日
西内　嘉織,にしうち　かおり,26,長野県,1月3日
西浦　好太郎,にしうら　こうたろう,31,鹿児島県,5月16日
西尾　智愛,にしお　ちあき,88,三重県,1月8日
西川　京子,にしかわ　きょうこ,29,東京都,4月8日
西川　弘代,にしかわ　ひろよ,61,岩手県,12月18日
西田　智賀子,にしだ　ちかこ,56,大阪府,8月13日
西田　吉野,にしだ　よしの,17,山梨県,11月11日
仁科　りた,にしな　りた,70,京都府,8月26日
西永　良樹,にしなが　よしき,35,静岡県,12月2日
西村　春果,にしむら　はるか,70,北海道,5月5日
西村　山,にしむら　やま,75,東京都,11月18日
西山　節,にしやま　せつ,86,兵庫県,9月14日
西脇　マサコ,にしわき　まさこ,79,北海道,8月11日
二瓶　慎介,にへい　しんすけ,44,岡山県,5月26日
二瓶　良平,にへい　りょうへい,10,埼玉県,3月7日
庭田　紗良,にわた　さら,6,宮崎県,10月28日
額賀　やえ,ぬかが　やえ,100,千葉県,4月3日
額田　夕佳里,ぬがた　ゆかり,45,山口県,7月29日
能智　紗栄,のうち　さえ,69,大阪府,9月19日
野知　知絵美,のち　ちえみ,8,熊本県,11月30日
野中　和臣,のなか　かずおみ,66,埼玉県,8月30日
延時　安弥子,のぶとき　あやこ,18,千葉県,8月14日
野村　星,のむら　しょう,3,東京都,9月28日
野村　裕樹,のむら　ひろき,24,兵庫県,12月28日
羽岡　真久,はおか　まさひさ,55,神奈川県,2月15日
芳賀　裕規,はが　ひろき,76,東京都,7月29日
芳賀　窓花,はが　まどか,64,東京都,5月3日
羽賀田　紗佳,はがた　さやか,16,福岡県,12月21日
萩嶺　章絵,はぎみね　あきえ,61,大阪府,10月28日
萩谷　イサム,はぎや　いさむ,31,埼玉県,3月14日
萩原　いち子,はぎわら　いちこ,82,福岡県,1月24日
白　咲音,はく　さきね,10,兵庫県,7月13日
橋本　茂生,はしもと　しげお,68,長野県,9月5日
橋本　美冴,はしもと　みさえ,54,神奈川県,7月22日
長谷川　徳洋,はせがわ　のりひろ,66,京都府,4月27日
長谷川　志奈,はせがわ　ゆきな,77,福岡県,6月29日
畠　光紀,はた　みつのり,13,神奈川県,3月13日
畠中　稔也,はたけなか　としや,57,長崎県,11月29日
畠中　秀紀,はたなか　ひでのり,19,千葉県,1月28日
羽多野　瑠理子,はたの　るりこ,82,広島県,10月5日
服部　沙亜也,はっとり　さあや,52,岐阜県,4月9日
服部　音夢,はっとり　ねむ,10,群馬県,10月9日
羽鳥　りく,はとり　りく,68,岡山県,6月11日
花方　加乃,はながた　かの,58,愛知県,4月2日
花田　崇臣,はなだ　たかおみ,29,大阪府,4月2日
花谷　彩見,はなたに　あやみ,76,秋田県,10月24日
英　壮太郎,はなぶさ　そうたろう,81,福岡県,1月17日
塙　絢乃,はなわ　あやの,11,群馬県,9月1日
塙　善大,はなわ　よしひろ,40,福岡県,11月28日
羽場　紀人,はば　のりと,36,沖縄県,4月16日
馬場　光子,ばば　みつこ,58,東京都,12月20日
羽渕　希織,はぶち　きおり,10,滋賀県,3月7日
羽渕　延行,はぶち　のぶゆき,71,長崎県,10月18日
浜内　真穂,はまうち　まお,67,広島県,6月15日
浜崎　好治,はまざき　よしはる,11,愛知県,2月19日
濱田　晋士,はまだ　しんじ,67,熊本県,8月25日
早坂　のりみ,はやさか　のりみ,85,大阪府,12月3日
林　直昭,はやし　なおあき,43,広島県,10月10日
林　まゆ子,はやし　まゆこ,67,東京都,7月15日
林田　みかこ,はやしだ　みかこ,35,香川県,5月13日
葉山　祐妃,はやま　ゆうき,82,岡山県,9月3日
原　伸予,はら　のぶよ,22,愛媛県,7月14日
原　政敏,はら　まさとし,26,埼玉県,5月12日
原　隆人,はら　りゅうと,1,東京都,5月12日
原田　純嗣,はらだ　じゅんじ,46,群馬県,8月23日
原田　嘉行,はらだ　よしゆき,93,山形県,10月2日
春口　ゆり,はるぐち　ゆり,69,大分県,5月20日
春名　咲緒里,はるな　さおり,54,静岡県,12月26日
坂東　基安,ばんどう　もとやす,30,神奈川県,8月19日
板東　結花,ばんどう　ゆか,5,静岡県,11月8日
比嘉　陽美,ひが　きよみ,39,沖縄県,7月19日
東島　李枝,ひがしじま　りえ,85,東京都,3月27日
東出　達,ひがしで　とおる,46,大阪府,2月2日
東原　沙英子,ひがしばら　さえこ,73,北海道,2月5日
引地　政人,ひきち　まさと,12,愛知県,6月11日
樋口　華子,ひぐち　かこ,51,神奈川県,6月10日
日暮　ヒカリ,ひぐらし　ひかり,77,岐阜県,8月7日
久野　夕起,ひさの　ゆうき,10,神奈川県,7月14日
土方　明広,ひじかた　あきひろ,35,静岡県,7月24日
飛高　祐三,ひだか　ゆうぞう,11,千葉県,5月15日
日高　侑加子,ひだか　ゆかこ,84,北海道,5月22日
日高　領太,ひたか　りょうた,55,東京都,10月18日
肥田野　聖,ひだの　あきら,3,岐阜県,3月14日
日沼　宗平,ひぬま　しゅうへい,74,岩手県,7月11日
日本　安,ひのもと　やすし,46,茨城県,5月7日
日向　瑶子,ひゅうが　ようこ,43,北海道,9月23日
平岡　聖一郎,ひらおか　せいいちろう,38,大分県,12月26日
平澤　花香,ひらさわ　はなか,59,茨城県,10月20日
平澤　隆亮,ひらさわ　りゅうすけ,53,愛知県,4月9日
平田　恭祐,ひらた　きょうすけ,40,愛知県,8月9日
平田　百合亜,ひらた　ゆりあ,17,青森県,5月21日
平野　弘英,ひらの　ひろひで,35,新潟県,5月3日
平林　有生,ひらばやし　ゆき,23,埼玉県,9月15日
比留間　光紘,ひるま　みつひろ,73,沖縄県,7月30日
広沢　光也,ひろさわ　みつや,5,岩手県,5月2日
廣瀬　咲喜,ひろせ　さき,59,北海道,1月2日
廣瀬　早希,ひろせ　さつき,20,長野県,8月10日
廣田　瑞樹,ひろた　みずき,26,宮城県,8月29日
深瀬　晋平,ふかせ　しんぺい,11,宮城県,8月5日
深見　鋼,ふかみ　こう,71,福岡県,9月7日
福井　純,ふくい　じゅん,17,兵庫県,2月18日
福井　遼,ふくい　りょう,86,岐阜県,11月8日
福島　泉,ふくしま　いずみ,58,大阪府,5月27日
福田　隆春,ふくだ　たかはる,67,東京都,3月13日
福田　知宏,ふくだ　ちひろ,20,茨城県,12月8日
福原　公佑,ふくはら　こうすけ,25,滋賀県,10月21日
藤井　亜希恵,ふじい　あきえ,66,長崎県,8月25日
藤石　元太郎,ふじいし　げんたろう,27,長野県,3月24日
藤川　妙恵,ふじかわ　たえ,71,東京都,10月17日
藤川　夕莉,ふじかわ　ゆうり,24,千葉県,12月27日
藤田　将哉,ふじた　まさや,10,岐阜県,11月13日
藤田　光和,ふじた　みつかず,62,神奈川県,11月3日
藤野　晋太郎,ふじの　しんたろう,24,徳島県,7月17日
藤林　桃衣,ふじばやし　ももえ,41,奈良県,7月24日
藤村　麻以子,ふじむら　まいこ,71,埼玉県,9月23日
藤本　沙津紀,ふじもと　さつき,47,高知県,9月25日
藤本　扇太郎,ふじもと　せんたろう,56,東京都,6月13日
藤原　愛咲,ふじわら　あさき,94,北海道,6月17日
藤原　典人,ふじわら　のりひと,5,北海道,6月30日
二見　早帆,ふたみ　さほ,46,愛知県,6月9日
淵上　志栞,ふちがみ　しおり,26,滋賀県,8月17日
古市　遥加,ふるいち　はるか,61,岡山県,4月29日
古川　尋士,ふるかわ　ひろし,63,大分県,8月10日
古川　光伸,ふるかわ　みつのぶ,35,北海道,6月13日
古川　みる,ふるかわ　みる,43,佐賀県,2月2日
古舘　義昭,ふるだて　よしあき,57,大阪府,11月27日
戸坂　鈴恵,へさか　すずえ,48,福岡県,7月13日
辺見　芽依子,へんみ　めいこ,52,静岡県,11月11日
星川　弘昭,ほしかわ　ひろあき,52,新潟県,9月8日
保科　勝英,ほしな　かつひで,66,香川県,6月22日
細川　満智子,ほそかわ　まちこ,73,三重県,1月14日
細木　絢也,ほそぎ　じゅんや,28,福岡県,5月8日
細谷　裕司,ほそや　ひろし,8,神奈川県,6月21日
堀田　和紗,ほった　かずさ,75,北海道,7月25日
堀内　やすか,ほりうち　やすか,41,青森県,5月15日
堀内　利絵子,ほりうち　りえこ,67,神奈川県,12月14日
堀江　人志,ほりえ　ひとし,52,栃木県,8月24日
堀江　悠史,ほりえ　ゆうし,49,栃木県,3月18日
堀切　圭史,ほりきり　けいじ,66,神奈川県,11月13日
堀口　里桜,ほりぐち　りお,38,東京都,2月25日
堀田　直祐,ほりた　なおすけ,11,東京都,4月5日
本郷　明博,ほんごう　あきひろ,61,東京都,7月22日
本田　美里,ほんだ　みさと,20,宮崎県,4月24日
前　里依,まえ　りえ,66,沖縄県,10月3日
前川　啓文,まえかわ　ひろふみ,49,愛知県,12月30日
前田　静奈,まえだ　しずな,18,群馬県,11月14日
前田　晴紀,まえだ　はるき,3,愛知県,11月29日
牧村　弘之,まきむら　ひろゆき,58,神奈川県,5月25日
増川　奈奈恵,ますかわ　ななえ,90,神奈川県,5月8日
益子　利克,ますこ　としかつ,71,大阪府,6月1日
増田　裕樹,ますだ　ひろき,61,茨城県,9月30日
増田　光顕,ますだ　みつあき,51,大阪府,5月22日
桝谷　奈海,ますたに　なみ,45,愛知県,3月20日
松浦　夏穂,まつうら　なつほ,17,新潟県,1月19日
松浦　正美,まつうら　まさみ,48,神奈川県,10月13日
松江　博史,まつえ　ひろし,81,静岡県,8月20日
松尾　公則,まつお　きみのり,63,神奈川県,11月16日
松崎　憲昌,まつざき　のりまさ,89,大分県,1月28日
松下　理樹,まつした　まさき,48,佐賀県,11月26日
松下　実苗,まつした　みなえ,71,埼玉県,9月11日
松島　さちか,まつしま　さちか,87,宮崎県,10月24日
松島　展子,まつしま　のぶこ,24,千葉県,9月28日
松田　旭弘,まつだ　あきひろ,51,和歌山県,10月31日
松田　加菜,まつだ　かな,11,東京都,8月5日
松橋　うたの,まつはし　うたの,61,埼玉県,2月17日
松林　恵津子,まつばやし　えつこ,77,静岡県,7月19日
松村　奈七,まつむら　なな,65,愛知県,3月11日
松本　翔太,まつもと　しょうた,17,埼玉県,9月30日
松本　創,まつもと　つくる,67,大阪府,4月14日
松本　裕梨,まつもと　ゆうり,84,奈良県,1月15日
丸井　広己,まるい　ひろみ,55,宮城県,6月9日
丸山　紗耶未,まるやま　さやみ,46,兵庫県,4月23日
丸山　奈々絵,まるやま　ななえ,84,千葉県,11月16日
丸山　美和子,まるやま　みわこ,40,東京都,8月26日
三浦　賀子,みうら　よしこ,41,兵庫県,7月26日
三上　加奈代,みかみ　かなよ,31,埼玉県,8月27日
三木　会美,みき　えみ,73,奈良県,12月20日
美咲　章子,みさき　あやこ,86,三重県,3月17日
三品　恵奈,みしな　けいな,20,神奈川県,10月10日
水上　港,みずかみ　みなと,4,静岡県,5月23日
水田　健三郎,みずた　けんざぶろう,34,大阪府,5月23日
水谷　準一郎,みずたに　じゅんいちろう,81,大阪府,8月15日
水野　けあき,みずの　けあき,23,大阪府,7月7日
水野　寿莉,みずの　じゅり,17,京都府,8月22日
水野　淳一郎,みずの　じゅんいちろう,8,熊本県,5月2日
三谷　章人,みたに　あきひと,0,大阪府,2月23日
三谷　未奈実,みたに　みなみ,57,長崎県,9月5日
三井　聖来,みつい　せいら,69,新潟県,10月7日
満島　淳博,みつしま　あつひろ,70,千葉県,10月11日
水戸部　堅司,みとべ　けんじ,48,東京都,11月26日
水口　朱加,みなくち　あやか,53,福岡県,12月20日
水無月　希奈,みなづき　きな,15,茨城県,6月23日
湊　一美,みなと　ひとみ,23,千葉県,5月7日
南　望海,みなみ　のぞみ,43,神奈川県,11月6日
南　美紗稀,みなみ　みさき,13,埼玉県,9月28日
蓑田　圭世,みのだ　かよ,79,島根県,8月23日
三船　整,みふね　せい,73,長野県,9月23日
宮崎　悦久,みやざき　よしひさ,29,大分県,3月12日
宮下　和,みやした　やわら,21,宮城県,10月11日
宮田　陽,みやた　あき,5,奈良県,10月2日
宮本　貴俊,みやもと　たかとし,52,北海道,12月24日
宮本　千草,みやもと　ちぐさ,37,東京都,2月25日
三輪　克治,みわ　かつじ,30,東京都,6月7日
向井　武巳,むかい　たけみ,39,千葉県,9月20日
向中野　慎一朗,むかいなかの　しんいちろう,66,埼玉県,2月2日
六車　慎,むぐるま　しん,49,東京都,10月26日
宗像　渚左,むなかた　なぎさ,86,岐阜県,4月14日
村井　笑花,むらい　えみか,72,北海道,10月11日
村井　絵莉子,むらい　えりこ,48,千葉県,12月23日
村岡　真太,むらおか　しんた,88,愛知県,5月14日
村上　舟,むらかみ　しゅう,12,東京都,3月23日
村上　眞理子,むらかみ　まりこ,57,東京都,4月22日
村崎　香絵,むらさき　かえ,59,広島県,12月24日
村瀬　章乃,むらせ　あやの,13,神奈川県,3月7日
村田　清勝,むらた　きよかつ,39,東京都,7月28日
村田　波子,むらた　なみこ,71,神奈川県,6月3日
室橋　博康,むろはし　ひろやす,85,埼玉県,11月25日
銘苅　孝基,めかる　こうき,68,大阪府,2月9日
目黒　由梨恵,めぐろ　ゆりえ,60,神奈川県,2月19日
茂木　大門,もぎ　だいもん,52,山口県,8月29日
元木　洋貴,もとき　ひろたか,57,千葉県,9月6日
本山　昌紘,もとやま　まさひろ,53,大阪府,3月9日
森　将士,もり　しょうじ,11,兵庫県,8月16日
森　典代,もり　みちよ,70,大阪府,8月5日
森岡　淳平,もりおか　じゅんぺい,6,神奈川県,2月23日
森川　紗椰,もりかわ　さや,75,群馬県,8月30日
森田　冴希,もりた　さき,56,神奈川県,3月4日
森田　貴代,もりた　たかよ,50,愛知県,2月26日
森本　凪子,もりもと　なぎこ,41,岐阜県,8月22日
守屋　愛,もりや　あい,62,愛知県,8月4日
両角　理文,もろずみ　まさふみ,71,宮城県,5月21日
諸星　成海,もろほし　なるみ,61,群馬県,1月22日
門間　清隆,もんま　きよたか,23,東京都,3月19日
八重樫　智乃,やえがし　ちの,72,岐阜県,9月4日
八百枝　義行,やおえだ　よしゆき,79,静岡県,2月19日
八木　勝己,やぎ　まさみ,23,神奈川県,9月20日
八木　義隆,やぎ　よしたか,40,青森県,9月20日
八木橋　司,やぎはし　つとむ,45,栃木県,9月8日
矢澤　鉄男,やざわ　てつお,32,北海道,3月2日
屋敷　ゆき,やしき　ゆき,32,大阪府,10月12日
矢嶋　俊臣,やじま　としおみ,50,千葉県,6月26日
安井　スミレ,やすい　すみれ,83,大阪府,6月22日
矢杉　泰良,やすぎ　たいら,72,埼玉県,8月24日
安田　侑紀,やすだ　ゆうき,41,山口県,9月19日
安永　瑠衣,やすなが　るい,12,鳥取県,7月27日
康村　和加,やすむら　のどか,23,愛知県,11月11日
安元　朱梨,やすもと　あかり,6,千葉県,12月26日
矢田　馨子,やだ　けいこ,28,北海道,12月23日
梁川　拓志,やながわ　たくし,55,栃木県,3月11日
柳　博希,やなぎ　ひろき,75,埼玉県,8月4日
柳澤　竹生,やなぎさわ　たけお,83,埼玉県,6月24日
柳澤　瑞,やなぎさわ　みずき,3,秋田県,7月11日
柳堀　美来,やなぎぼり　みき,9,茨城県,3月8日
山縣　研太郎,やまがた　けんたろう,13,東京都,2月18日
山上　志寿子,やまがみ　しずこ,50,北海道,11月10日
山川　梨歩,やまかわ　りほ,29,群馬県,8月25日
山口　樹,やまぐち　いつき,0,兵庫県,12月13日
山口　友貴美,やまぐち　ゆきみ,31,山形県,3月17日
山崎　勝宏,やまさき　かつひろ,1,兵庫県,9月16日
山崎　星菜,やまざき　せいな,12,愛知県,3月30日
山﨑　太洋,やまさき　たいよう,7,熊本県,10月23日
山下　桂吾,やました　けいご,34,神奈川県,1月8日
山下　茉利香,やました　まりか,37,石川県,11月26日
山瀬　隆昌,やませ　たかまさ,50,北海道,1月27日
山田　敦男,やまだ　あつお,44,神奈川県,12月3日
山田　詠一,やまだ　えいいち,27,宮崎県,9月26日
山田　里音,やまだ　りおん,4,千葉県,3月16日
山野　龍弥,やまの　たつや,24,岩手県,2月8日
山之内　麦穂,やまのうち　むぎほ,27,神奈川県,11月28日
山本　昭範,やまもと　あきのり,74,鹿児島県,3月20日
山本　史穂子,やまもと　しほこ,81,鹿児島県,1月12日
山本　美香子,やまもと　みかこ,29,大阪府,8月16日
兪　岳仁,ゆ　たけひと,87,兵庫県,8月3日
湯浅　三央,ゆあさ　みお,40,神奈川県,6月9日
柚木　晃久,ゆのき　あきひさ,47,岡山県,11月7日
由本　智暁,ゆもと　ともあき,42,兵庫県,1月10日
横内　紘士,よこうち　ひろし,30,和歌山県,4月16日
横尾　海斗,よこお　かいと,65,千葉県,4月10日
横嶋　喜美江,よこしま　きみえ,91,大阪府,8月21日
横田　和世,よこた　かずよ,71,福岡県,4月17日
横田　好克,よこた　よしかつ,49,神奈川県,7月12日
横溝　香美,よこみぞ　よしみ,45,愛媛県,7月1日
横室　尚起,よこむろ　なおき,1,神奈川県,10月18日
横山　長,よこやま　おさむ,8,埼玉県,3月6日
横山　龍吾,よこやま　りゅうご,75,東京都,11月5日
吉岡　慶子,よしおか　きょうこ,14,埼玉県,10月12日
吉岡　充康,よしおか　みちやす,33,福井県,2月1日
吉川　一秀,よしかわ　かずひで,67,千葉県,10月5日
吉川　満江,よしかわ　みつえ,76,石川県,6月9日
吉澤　鈴子,よしざわ　すずこ,18,北海道,12月6日
吉田　希巳江,よしだ　きみえ,73,福島県,11月25日
吉田　幸歩,よしだ　さちほ,53,北海道,3月6日
吉田　匡人,よしだ　まさと,66,奈良県,1月4日
吉田　義人,よしだ　よしひと,71,大阪府,8月24日
吉武　俊裕,よしたけ　としひろ,55,鹿児島県,5月30日
吉永　夏那,よしなが　かな,31,愛知県,5月31日
吉永　光枝,よしなが　みつえ,49,栃木県,1月16日
吉成　聖恵,よしなり　さとえ,92,愛知県,11月25日
吉満　信裕,よしみつ　のぶひろ,34,愛知県,6月5日
吉村　美友紀,よしむら　みゆき,74,茨城県,8月23日
吉村　悠加,よしむら　ゆうか,20,京都府,12月28日
吉本　進之介,よしもと　しんのすけ,51,東京都,7月8日
吉本　ハナ,よしもと　はな,68,埼玉県,6月4日
四本　朋行,よつもと　ともゆき,52,富山県,10月28日
米倉　香緒莉,よねくら　かおり,32,静岡県,1月31日
米倉　保成,よねくら　やすなり,37,広島県,4月22日
米野　心菜,よねの　ここな,8,北海道,10月22日
米谷　広隆,よねや　ひろたか,41,京都府,6月6日
呼子　晴喜,よぶこ　はるき,11,福岡県,1月3日
良知　安里沙,らち　ありさ,36,大阪府,11月17日
力武　郷美,りきたけ　さとみ,43,愛知県,2月16日
龍崎　大二,りゅうざき　だいじ,44,茨城県,6月11日
類家　咲弥,るいけ　さや,34,三重県,8月11日
冷泉　千史,れいぜい　ちふみ,45,熊本県,11月19日
六角　利泰,ろっかく　としやす,60,福島県,4月9日
若海　一生,わかうみ　いっせい,72,千葉県,5月20日
若尾　ケイ,わかお　けい,17,埼玉県,11月17日
和氣　澄佳,わけ　すみか,79,東京都,10月23日
輪島　邦子,わじま　くにこ,63,京都府,6月27日
和田　依莉,わだ　えり,12,滋賀県,11月24日
和田　さえり,わだ　さえり,25,広島県,9月5日
渡辺　麻美,わたなべ　あさみ,12,群馬県,7月25日
渡邊　勇翔,わたなべ　ゆうと,53,大分県,10月10日
渡辺　祥紀,わたなべ　よしのり,23,埼玉県,3月27日
四月一日　桃花,わたぬき　ももか,33,東京都,6月13日
和知　ジュン,わち　じゅん,73,福岡県,9月6日
